{"cameraMode":{"drawMode":0,"name":"Shaded","section":"Shading Mode"},"sceneLighting":false,"audioPlay":false,"sceneViewState":{"m_AlwaysRefresh":true,"showFog":true,"showSkybox":false,"showFlares":true,"showImageEffects":true,"showParticleSystems":true,"showVisualEffectGraphs":true,"m_FxEnabled":true},"in2DMode":false,"pivot":{"x":-0.24234628677368165,"y":0.372653067111969,"z":-0.04363086819648743},"rotation":{"x":0.10966340452432633,"y":-0.6513482928276062,"z":0.09488674998283386,"w":0.7450584173202515},"size":1.5000174045562745,"orthographic":false}