{"cameraMode":{"drawMode":0,"name":"Shaded","section":"Shading Mode"},"sceneLighting":false,"audioPlay":false,"sceneViewState":{"m_AlwaysRefresh":true,"showFog":true,"showSkybox":false,"showFlares":true,"showImageEffects":true,"showParticleSystems":true,"showVisualEffectGraphs":true,"m_FxEnabled":true},"in2DMode":false,"pivot":{"x":19.240083694458009,"y":0.2076287567615509,"z":35.50863265991211},"rotation":{"x":-0.024030309170484544,"y":-0.6826059818267822,"z":0.022610269486904146,"w":-0.7300866842269898},"size":2.067105531692505,"orthographic":false}