{"cameraMode":{"drawMode":0,"name":"Shaded","section":"Shading Mode"},"sceneLighting":false,"audioPlay":false,"sceneViewState":{"m_AlwaysRefresh":true,"showFog":true,"showSkybox":false,"showFlares":true,"showImageEffects":true,"showParticleSystems":true,"showVisualEffectGraphs":true,"m_FxEnabled":true},"in2DMode":false,"pivot":{"x":0.0004579871892929077,"y":-0.4696991443634033,"z":-0.0020455755293369295},"rotation":{"x":0.38306233286857607,"y":-0.22863033413887025,"z":0.09823735803365708,"w":0.8897532820701599},"size":0.8300904035568237,"orthographic":false}