{"cameraMode":{"drawMode":0,"name":"Shaded","section":"Shading Mode"},"sceneLighting":false,"audioPlay":false,"sceneViewState":{"m_AlwaysRefresh":true,"showFog":true,"showSkybox":false,"showFlares":true,"showImageEffects":true,"showParticleSystems":true,"showVisualEffectGraphs":true,"m_FxEnabled":true},"in2DMode":false,"pivot":{"x":0.9876623153686523,"y":0.20018208026885987,"z":1.4159854650497437},"rotation":{"x":0.13856914639472962,"y":-0.4116567075252533,"z":0.06345406919717789,"w":0.898527979850769},"size":1.5000174045562745,"orthographic":false}