{"cameraMode":{"drawMode":0,"name":"Shaded","section":"Shading Mode"},"sceneLighting":false,"audioPlay":false,"sceneViewState":{"m_AlwaysRefresh":true,"showFog":true,"showSkybox":false,"showFlares":true,"showImageEffects":true,"showParticleSystems":true,"showVisualEffectGraphs":true,"m_FxEnabled":true},"in2DMode":false,"pivot":{"x":2.2286441326141359,"y":0.09309792518615723,"z":-0.18506288528442384},"rotation":{"x":0.11918070167303086,"y":0.09307697415351868,"z":-0.011309505440294743,"w":0.9884652495384216},"size":2.7635433673858644,"orthographic":false}