{"cameraMode":{"drawMode":0,"name":"Shaded","section":"Shading Mode"},"sceneLighting":true,"audioPlay":false,"sceneViewState":{"m_AlwaysRefresh":true,"showFog":true,"showSkybox":true,"showFlares":true,"showImageEffects":true,"showParticleSystems":true,"showVisualEffectGraphs":true,"m_FxEnabled":true},"in2DMode":false,"pivot":{"x":296.18096923828127,"y":58.943382263183597,"z":394.1624450683594},"rotation":{"x":0.16214650869369508,"y":-0.15764954686164857,"z":0.026249583810567857,"w":0.9737749695777893},"size":60.59511947631836,"orthographic":false}