{"cameraMode":{"drawMode":0,"name":"Shaded","section":"Shading Mode"},"sceneLighting":true,"audioPlay":false,"sceneViewState":{"m_AlwaysRefresh":true,"showFog":true,"showSkybox":true,"showFlares":true,"showImageEffects":true,"showParticleSystems":true,"showVisualEffectGraphs":true,"m_FxEnabled":true},"in2DMode":false,"pivot":{"x":15.902959823608399,"y":0.39355289936065676,"z":36.71443557739258},"rotation":{"x":0.11522892117500305,"y":0.017270078882575036,"z":-0.002091755624860525,"w":0.9932255148887634},"size":1.586611032485962,"orthographic":false}