{"cameraMode":{"drawMode":0,"name":"Shaded","section":"Shading Mode"},"sceneLighting":false,"audioPlay":false,"sceneViewState":{"m_AlwaysRefresh":true,"showFog":true,"showSkybox":false,"showFlares":true,"showImageEffects":true,"showParticleSystems":true,"showVisualEffectGraphs":true,"m_FxEnabled":true},"in2DMode":false,"pivot":{"x":2.0002524852752687,"y":-0.21886110305786134,"z":-0.3844606876373291},"rotation":{"x":0.1472703516483307,"y":-0.4977554678916931,"z":0.08532193303108216,"w":0.8506868481636047},"size":4.511180400848389,"orthographic":false}