{"cameraMode":{"drawMode":0,"name":"Shaded","section":"Shading Mode"},"sceneLighting":false,"audioPlay":false,"sceneViewState":{"m_AlwaysRefresh":true,"showFog":true,"showSkybox":false,"showFlares":true,"showImageEffects":true,"showParticleSystems":true,"showVisualEffectGraphs":true,"m_FxEnabled":true},"in2DMode":false,"pivot":{"x":6.459037780761719,"y":0.9700000286102295,"z":6.230000019073486},"rotation":{"x":0.14184637367725373,"y":-0.2814905643463135,"z":0.04208436980843544,"w":0.9481102228164673},"size":2.9660251140594484,"orthographic":false}