{"cameraMode":{"drawMode":0,"name":"Shaded","section":"Shading Mode"},"sceneLighting":false,"audioPlay":false,"sceneViewState":{"m_AlwaysRefresh":true,"showFog":true,"showSkybox":false,"showFlares":true,"showImageEffects":true,"showParticleSystems":true,"showVisualEffectGraphs":true,"m_FxEnabled":true},"in2DMode":false,"pivot":{"x":3.843003988265991,"y":2.3278398513793947,"z":3.3528075218200685},"rotation":{"x":0.14184637367725373,"y":-0.2814905643463135,"z":0.04208436980843544,"w":0.9481102228164673},"size":6.900018692016602,"orthographic":false}