{"cameraMode":{"drawMode":0,"name":"Shaded","section":"Shading Mode"},"sceneLighting":false,"audioPlay":false,"sceneViewState":{"m_AlwaysRefresh":true,"showFog":true,"showSkybox":false,"showFlares":true,"showImageEffects":true,"showParticleSystems":true,"showVisualEffectGraphs":true,"m_FxEnabled":true},"in2DMode":false,"pivot":{"x":-0.11095333099365235,"y":-0.014449477195739746,"z":0.038869380950927737},"rotation":{"x":0.14184637367725373,"y":-0.2814905643463135,"z":0.04208436980843544,"w":0.9481102228164673},"size":2.594837188720703,"orthographic":false}