{"cameraMode":{"drawMode":0,"name":"Shaded","section":"Shading Mode"},"sceneLighting":false,"audioPlay":false,"sceneViewState":{"m_AlwaysRefresh":true,"showFog":true,"showSkybox":false,"showFlares":true,"showImageEffects":true,"showParticleSystems":true,"showVisualEffectGraphs":true,"m_FxEnabled":true},"in2DMode":false,"pivot":{"x":-0.022031009197235109,"y":0.7797684669494629,"z":-0.699770450592041},"rotation":{"x":0.2628888487815857,"y":0.08176469057798386,"z":-0.02247392013669014,"w":0.961126983165741},"size":1.1713840961456299,"orthographic":false}