{"cameraMode":{"drawMode":0,"name":"Shaded","section":"Shading Mode"},"sceneLighting":false,"audioPlay":false,"sceneViewState":{"m_AlwaysRefresh":true,"showFog":true,"showSkybox":false,"showFlares":true,"showImageEffects":true,"showParticleSystems":true,"showVisualEffectGraphs":true,"m_FxEnabled":true},"in2DMode":false,"pivot":{"x":0.06657266616821289,"y":2.9736251831054689,"z":1.3420963287353516},"rotation":{"x":0.05082690343260765,"y":0.07572397589683533,"z":-0.003947354853153229,"w":0.9958624243736267},"size":7.397640228271484,"orthographic":false}