{"cameraMode":{"drawMode":0,"name":"Shaded","section":"Shading Mode"},"sceneLighting":false,"audioPlay":false,"sceneViewState":{"m_AlwaysRefresh":true,"showFog":true,"showSkybox":false,"showFlares":true,"showImageEffects":true,"showParticleSystems":true,"showVisualEffectGraphs":true,"m_FxEnabled":true},"in2DMode":false,"pivot":{"x":0.000006510235834866762,"y":8.998540579341352e-7,"z":0.000016131330994539894},"rotation":{"x":0.11861003190279007,"y":-0.43517422676086428,"z":0.05711018294095993,"w":0.8908928036689758},"size":2.1000173091888429,"orthographic":false}