{"cameraMode":{"drawMode":0,"name":"Shaded","section":"Shading Mode"},"sceneLighting":false,"audioPlay":false,"sceneViewState":{"m_AlwaysRefresh":true,"showFog":true,"showSkybox":false,"showFlares":true,"showImageEffects":true,"showParticleSystems":true,"showVisualEffectGraphs":true,"m_FxEnabled":true},"in2DMode":false,"pivot":{"x":0.3106558322906494,"y":1.8159199953079224,"z":2.4593114852905275},"rotation":{"x":0.18933863937854768,"y":-0.36634060740470889,"z":0.07617459446191788,"w":0.9079999923706055},"size":3.1973655223846437,"orthographic":false}