{"cameraMode":{"drawMode":0,"name":"Shaded","section":"Shading Mode"},"sceneLighting":false,"audioPlay":false,"sceneViewState":{"m_AlwaysRefresh":true,"showFog":true,"showSkybox":false,"showFlares":true,"showImageEffects":true,"showParticleSystems":true,"showVisualEffectGraphs":true,"m_FxEnabled":true},"in2DMode":false,"pivot":{"x":0.009950459003448487,"y":0.030773401260375978,"z":0.02969023585319519},"rotation":{"x":0.3939777910709381,"y":0.07785184681415558,"z":-0.03361039608716965,"w":0.9152318835258484},"size":0.5069662928581238,"orthographic":false}