{"cameraMode":{"drawMode":0,"name":"Shaded","section":"Shading Mode"},"sceneLighting":false,"audioPlay":false,"sceneViewState":{"m_AlwaysRefresh":true,"showFog":true,"showSkybox":false,"showFlares":true,"showImageEffects":true,"showParticleSystems":true,"showVisualEffectGraphs":true,"m_FxEnabled":true},"in2DMode":false,"pivot":{"x":-0.005195915699005127,"y":0.005577564239501953,"z":0.2775847911834717},"rotation":{"x":0.13856914639472962,"y":-0.4116567075252533,"z":0.06345406919717789,"w":0.898527979850769},"size":1.282956600189209,"orthographic":false}