{"cameraMode":{"drawMode":0,"name":"Shaded","section":"Shading Mode"},"sceneLighting":false,"audioPlay":false,"sceneViewState":{"m_AlwaysRefresh":true,"showFog":true,"showSkybox":false,"showFlares":true,"showImageEffects":true,"showParticleSystems":true,"showVisualEffectGraphs":true,"m_FxEnabled":true},"in2DMode":false,"pivot":{"x":-0.7380998134613037,"y":0.01573467254638672,"z":3.1736507415771486},"rotation":{"x":0.09522354602813721,"y":-0.7717947959899902,"z":0.11899710446596146,"w":0.6173703670501709},"size":2.1000173091888429,"orthographic":false}