{"cameraMode":{"drawMode":0,"name":"Shaded","section":"Shading Mode"},"sceneLighting":false,"audioPlay":false,"sceneViewState":{"m_AlwaysRefresh":true,"showFog":true,"showSkybox":false,"showFlares":true,"showImageEffects":true,"showParticleSystems":true,"showVisualEffectGraphs":true,"m_FxEnabled":true},"in2DMode":false,"pivot":{"x":0.9411635398864746,"y":-1.749662160873413,"z":0.38581275939941409},"rotation":{"x":0.06069047003984451,"y":-0.16195647418498994,"z":0.00975493248552084,"w":0.985045313835144},"size":5.735533714294434,"orthographic":false}