{"cameraMode":{"drawMode":0,"name":"Shaded","section":"Shading Mode"},"sceneLighting":false,"audioPlay":false,"sceneViewState":{"m_AlwaysRefresh":true,"showFog":true,"showSkybox":false,"showFlares":true,"showImageEffects":true,"showParticleSystems":true,"showVisualEffectGraphs":true,"m_FxEnabled":true},"in2DMode":false,"pivot":{"x":0.8850579261779785,"y":-0.23136329650878907,"z":-0.22271490097045899},"rotation":{"x":0.1832122653722763,"y":-0.31988009810447695,"z":0.06309949606657028,"w":0.927470862865448},"size":4.792884349822998,"orthographic":false}