{"cameraMode":{"drawMode":0,"name":"Shaded","section":"Shading Mode"},"sceneLighting":false,"audioPlay":false,"sceneViewState":{"m_AlwaysRefresh":true,"showFog":true,"showSkybox":false,"showFlares":true,"showImageEffects":true,"showParticleSystems":true,"showVisualEffectGraphs":true,"m_FxEnabled":true},"in2DMode":false,"pivot":{"x":6.0263142585754398,"y":0.9846996068954468,"z":-6.477756023406982},"rotation":{"x":0.13756176829338075,"y":-0.009524164721369744,"z":0.0012359427055343986,"w":0.9904823899269104},"size":1.6440825462341309,"orthographic":false}