{"cameraMode":{"drawMode":0,"name":"Shaded","section":"Shading Mode"},"sceneLighting":false,"audioPlay":false,"sceneViewState":{"m_AlwaysRefresh":true,"showFog":true,"showSkybox":false,"showFlares":true,"showImageEffects":true,"showParticleSystems":true,"showVisualEffectGraphs":true,"m_FxEnabled":true},"in2DMode":false,"pivot":{"x":-2.9700000286102297,"y":0.3199999928474426,"z":-2.1500000953674318},"rotation":{"x":0.3939777910709381,"y":0.07785184681415558,"z":-0.03361039608716965,"w":0.9152318835258484},"size":2.700017213821411,"orthographic":false}