{"cameraMode":{"drawMode":0,"name":"Shaded","section":"Shading Mode"},"sceneLighting":true,"audioPlay":false,"sceneViewState":{"m_AlwaysRefresh":true,"showFog":true,"showSkybox":false,"showFlares":true,"showImageEffects":true,"showParticleSystems":true,"showVisualEffectGraphs":true,"m_FxEnabled":true},"in2DMode":false,"pivot":{"x":-0.1151697039604187,"y":0.6965142488479614,"z":0.5344643592834473},"rotation":{"x":0.04615839570760727,"y":0.11600708216428757,"z":-0.005500011146068573,"w":0.992193341255188},"size":2.190727472305298,"orthographic":false}