{"cameraMode":{"drawMode":0,"name":"Shaded","section":"Shading Mode"},"sceneLighting":false,"audioPlay":false,"sceneViewState":{"m_AlwaysRefresh":true,"showFog":true,"showSkybox":false,"showFlares":true,"showImageEffects":true,"showParticleSystems":true,"showVisualEffectGraphs":true,"m_FxEnabled":true},"in2DMode":false,"pivot":{"x":0.6131126880645752,"y":0.20288729667663575,"z":0.8092168569564819},"rotation":{"x":0.13856914639472962,"y":-0.4116567075252533,"z":0.06345406919717789,"w":0.898527979850769},"size":1.2000173330307007,"orthographic":false}