{"cameraMode":{"drawMode":0,"name":"Shaded","section":"Shading Mode"},"sceneLighting":false,"audioPlay":false,"sceneViewState":{"m_AlwaysRefresh":true,"showFog":true,"showSkybox":false,"showFlares":true,"showImageEffects":true,"showParticleSystems":true,"showVisualEffectGraphs":true,"m_FxEnabled":true},"in2DMode":false,"pivot":{"x":-3.040361166000366,"y":3.5608949661254885,"z":3.2286338806152345},"rotation":{"x":-0.019433636218309404,"y":0.0862770527601242,"z":0.0015973702538758517,"w":0.9961097836494446},"size":6.420904636383057,"orthographic":false}