{"cameraMode":{"drawMode":0,"name":"Shaded","section":"Shading Mode"},"sceneLighting":false,"audioPlay":false,"sceneViewState":{"m_AlwaysRefresh":true,"showFog":true,"showSkybox":false,"showFlares":true,"showImageEffects":true,"showParticleSystems":true,"showVisualEffectGraphs":true,"m_FxEnabled":true},"in2DMode":false,"pivot":{"x":0.44262218475341799,"y":0.559816837310791,"z":2.544478178024292},"rotation":{"x":-0.18554097414016725,"y":0.09506596624851227,"z":0.01796412467956543,"w":0.9778925180435181},"size":2.7534866333007814,"orthographic":false}