{"cameraMode":{"drawMode":0,"name":"Shaded","section":"Shading Mode"},"sceneLighting":false,"audioPlay":false,"sceneViewState":{"m_AlwaysRefresh":true,"showFog":true,"showSkybox":false,"showFlares":true,"showImageEffects":true,"showParticleSystems":true,"showVisualEffectGraphs":true,"m_FxEnabled":true},"in2DMode":false,"pivot":{"x":16.439586639404298,"y":0.2883028984069824,"z":1.8857725858688355},"rotation":{"x":0.24587486684322358,"y":0.5062721371650696,"z":-0.15337955951690675,"w":0.8122658729553223},"size":1.9465250968933106,"orthographic":false}