{"cameraMode":{"drawMode":0,"name":"Shaded","section":"Shading Mode"},"sceneLighting":false,"audioPlay":false,"sceneViewState":{"m_AlwaysRefresh":true,"showFog":true,"showSkybox":false,"showFlares":true,"showImageEffects":true,"showParticleSystems":true,"showVisualEffectGraphs":true,"m_FxEnabled":true},"in2DMode":false,"pivot":{"x":0.023363351821899415,"y":0.3904390335083008,"z":1.2639613151550294},"rotation":{"x":0.45036229491233828,"y":-0.36441224813461306,"z":0.20803584158420564,"w":0.788301944732666},"size":3.3203413486480715,"orthographic":false}