{"cameraMode":{"drawMode":0,"name":"Shaded","section":"Shading Mode"},"sceneLighting":false,"audioPlay":false,"sceneViewState":{"m_AlwaysRefresh":true,"showFog":true,"showSkybox":false,"showFlares":true,"showImageEffects":true,"showParticleSystems":true,"showVisualEffectGraphs":true,"m_FxEnabled":true},"in2DMode":false,"pivot":{"x":0.09777262806892395,"y":-0.1707594394683838,"z":0.03903913497924805},"rotation":{"x":0.19671402871608735,"y":-0.005020137410610914,"z":0.0009225258254446089,"w":0.9804853796958923},"size":1.6886248588562012,"orthographic":false}