{"cameraMode":{"drawMode":0,"name":"Shaded","section":"Shading Mode"},"sceneLighting":false,"audioPlay":false,"sceneViewState":{"m_AlwaysRefresh":true,"showFog":true,"showSkybox":false,"showFlares":true,"showImageEffects":true,"showParticleSystems":true,"showVisualEffectGraphs":true,"m_FxEnabled":true},"in2DMode":false,"pivot":{"x":0.8254826068878174,"y":2.2888405323028566,"z":-0.0816187858581543},"rotation":{"x":0.013422583229839802,"y":0.10121645033359528,"z":-0.0014477912336587906,"w":0.994810163974762},"size":4.303758144378662,"orthographic":false}