{"cameraMode":{"drawMode":0,"name":"Shaded","section":"Shading Mode"},"sceneLighting":false,"audioPlay":false,"sceneViewState":{"m_AlwaysRefresh":true,"showFog":true,"showSkybox":false,"showFlares":true,"showImageEffects":true,"showParticleSystems":true,"showVisualEffectGraphs":true,"m_FxEnabled":true},"in2DMode":false,"pivot":{"x":0.8323910236358643,"y":3.962841749191284,"z":-0.028845787048339845},"rotation":{"x":0.013422583229839802,"y":0.10121645033359528,"z":-0.0014477912336587906,"w":0.994810163974762},"size":7.397639274597168,"orthographic":false}